{"stats":{"minecraft:used":{"alexsmobs:animal_dictionary":1,"minecraft:grass_block":4},"minecraft:custom":{"minecraft:jump":195,"minecraft:open_chest":3,"minecraft:time_since_rest":12597,"minecraft:crouch_one_cm":375,"minecraft:leave_game":1,"minecraft:sprint_one_cm":21124,"minecraft:play_time":12597,"minecraft:time_since_death":12597,"minecraft:walk_one_cm":15275,"minecraft:sneak_time":730,"minecraft:total_world_time":12597,"minecraft:fall_one_cm":2775,"minecraft:fly_one_cm":109372}},"DataVersion":3120}