{"stats":{"minecraft:mined":{"minecraft:grass":1,"minecraft:tall_grass":1},"minecraft:custom":{"minecraft:jump":33,"minecraft:time_since_rest":7411,"minecraft:crouch_one_cm":613,"minecraft:leave_game":1,"minecraft:sprint_one_cm":6087,"minecraft:play_time":7411,"minecraft:time_since_death":7411,"minecraft:walk_one_cm":6904,"minecraft:sneak_time":443,"minecraft:total_world_time":7411,"minecraft:fall_one_cm":685,"minecraft:fly_one_cm":6843},"minecraft:picked_up":{"minecraft:wheat_seeds":2}},"DataVersion":3120}